Type,Trans Date,Post Date,Description,Amount
SALE,03/18/2015,03/19/2015,"PINSAS        51275881",-7.00
SALE,03/27/2015,03/29/2015,"TMS*JUGOFRESH SOUTH PO",-13.91
SALE,05/21/2015,05/22/2015,"CHIPOTLE 1762",-10.39
SALE,04/03/2015,04/05/2015,"JUNIUS PONDS T12456034",-10.28
SALE,04/06/2015,04/07/2015,"AT&T*BILL PAYMENT",-223.12
SALE,03/06/2015,03/09/2015,"SANDWICH QBANO",-8.00
SALE,03/31/2015,04/01/2015,"DEWITT SERVICE PLAZ 13",-4.25
SALE,06/08/2015,06/09/2015,"SQ *PHOENIX COFFEE COMPAN",-2.30
SALE,03/30/2015,03/31/2015,"2159 S GREEN",-19.48
SALE,03/27/2015,03/29/2015,"TMS*JUGOFRESH SOUTH PO",-18.19
SALE,03/28/2015,03/30/2015,"TMS*JUGOFRESH SOUTH PO",-28.36
SALE,04/14/2015,04/15/2015,"PICCADILLY ARTISAN YOGUR",-7.21
SALE,05/14/2015,05/15/2015,"SQ *PHOENIX COFFEE COMPAN",-2.20
SALE,05/18/2015,05/19/2015,"WHOLEFDS CTR 10199",-41.84
SALE,05/07/2015,05/08/2015,"USA*Priority Vending",-2.60
SALE,04/16/2015,04/19/2015,"ANN TAYLOR #354",-181.98
SALE,03/07/2015,03/09/2015,"BULA KAVA HOUSE ECOMME",-40.50
SALE,04/03/2015,04/05/2015,"WHOLEFDS CTR 10199",-188.83
SALE,04/04/2015,04/06/2015,"SIAM CAFE",-61.32
SALE,03/15/2015,03/17/2015,"UNITED      0162442406486",-5.60
SALE,04/07/2015,04/08/2015,"NWH PATIENT FINCL SERVCS",-384.48
SALE,04/01/2015,04/03/2015,"SHERATON BOSTON DINING",-5.19
PAYMENT,03/18/2015,03/18/2015,"Payment Thank You - Web",57.00
SALE,03/29/2015,03/31/2015,"AMERICAN AI 0010281792064",-25.00
SALE,03/30/2015,03/30/2015,"UBER TECHNOLOGIES INC",-4.82
SALE,03/28/2015,03/29/2015,"UBER",-4.60
SALE,03/29/2015,03/31/2015,"CLEVELAND HOPKINS AIRPORT",-65.00
RETURN,05/11/2015,05/11/2015,"1-800-FLOWERS.COM,INC.",36.19
SALE,03/17/2015,03/18/2015,"CVS/PHARMACY #03634",-3.33
SALE,04/01/2015,04/03/2015,"EXXONMOBIL    97376024",-24.86
SALE,04/12/2015,04/13/2015,"WHOLEFDS CTR 10199",-70.41
SALE,04/13/2015,04/15/2015,"CEDAR LEE THEATRE",-23.25
SALE,05/09/2015,05/10/2015,"CARA BAR",-47.50
SALE,03/25/2015,03/26/2015,"LA LOCANDA",-74.45
SALE,05/31/2015,06/02/2015,"STARBUCKS A   12591509",-12.50
SALE,03/25/2015,03/26/2015,"PURA VIDA SMOOTHIE BAR",-9.58
SALE,04/02/2015,04/03/2015,"CHIPOTLE 0079",-10.37
SALE,04/04/2015,04/05/2015,"PETSMART INC 2313",-22.67
SALE,04/24/2015,04/26/2015,"SQ *PHOENIX COFFEE COMPAN",-2.00
SALE,04/18/2015,04/19/2015,"WHOLEFDS CTR 10199",-92.80
SALE,04/30/2015,05/01/2015,"WHOLEFDS CTR 10199",-74.67
SALE,04/09/2015,04/10/2015,"CHIPOTLE 0079",-11.07
SALE,04/28/2015,04/29/2015,"USA*Priority Vending",-2.60
SALE,04/18/2015,04/19/2015,"CHIPOTLE 0079",-1.30
SALE,04/01/2015,04/02/2015,"GULF OIL 92038891",-11.10
SALE,03/18/2015,03/19/2015,"STARBUCKS #02265 CLEVELAN",-5.95
SALE,06/06/2015,06/08/2015,"CLEVELAND PARK PLACE",-61.25
SALE,06/02/2015,06/07/2015,"LEASING AUT.DEL SUR-BAVAR",-146.89
SALE,05/18/2015,05/19/2015,"VEGAN SWEET TOOTH",-16.00
SALE,04/14/2015,04/16/2015,"SHELL OIL 57424234003",-3.41
SALE,05/09/2015,05/10/2015,"NATIONWIDE/ALLIED INS",-332.82
SALE,03/27/2015,03/29/2015,"SMITH   WOLLEN00001016",-97.61
SALE,04/05/2015,04/07/2015,"CINEMARK THEATRES 283",-17.40
SALE,05/07/2015,05/08/2015,"PACIFIC EAST",-34.26
SALE,04/12/2015,04/13/2015,"SQ *PHOENIX COFFEE COMPAN",-2.30
SALE,05/12/2015,05/13/2015,"USA*Priority Vending",-2.60
SALE,04/21/2015,04/22/2015,"CHIPOTLE 1762",-10.91
SALE,04/16/2015,04/17/2015,"CODINGFORENTREPRENEURS",-25.00
SALE,06/07/2015,06/08/2015,"WHOLEFDS CTR 10199",-1.75
SALE,03/28/2015,03/29/2015,"DECO BIKE",-4.28
SALE,05/30/2015,06/01/2015,"NEW HEIGHTS GRILL",-3.00
SALE,05/29/2015,05/31/2015,"SQ *PHOENIX COFFEE COMPAN",-5.65
SALE,04/21/2015,04/22/2015,"SQ *ON THE RISE ARTISAN B",-16.50
SALE,04/13/2015,04/14/2015,"TREE COUNTRY BISTRO",-35.00
SALE,03/14/2015,03/15/2015,"NETFLIX.COM",-8.63
SALE,04/29/2015,04/30/2015,"SQ *PHOENIX COFFEE COMPAN",-2.00
SALE,06/07/2015,06/08/2015,"CVS/PHARMACY #07687",-23.08
SALE,05/22/2015,05/24/2015,"SQ *ON THE RISE ARTISAN B",-4.50
SALE,04/26/2015,04/27/2015,"WHOLEFDS CTR 10199",-89.91
SALE,03/16/2015,03/18/2015,"SHELL OIL 57424318004",-5.54
SALE,05/31/2015,06/01/2015,"HUDSON NEWS CLEVELAND",-6.30
SALE,04/29/2015,04/30/2015,"USA*Priority Vending",-1.60
SALE,05/28/2015,05/29/2015,"CLEVELAND MUSEUMOF ART",-8.00
SALE,04/15/2015,04/16/2015,"PINSAS        51275881",-7.00
SALE,05/16/2015,05/17/2015,"STARBUCKS #02265 CLEVELAN",-5.40
SALE,05/01/2015,05/03/2015,"CLEV HTS - UBILL UTILITIE",-45.82
SALE,03/22/2015,03/23/2015,"HOTWIRE-SALES FINAL",-176.93
SALE,05/23/2015,05/24/2015,"SQ *PHOENIX COFFEE COMPAN",-6.65
SALE,03/08/2015,03/09/2015,"TMS*JUGOFRESH SOUTH PO",-58.32
SALE,04/12/2015,04/14/2015,"JENIS SPLENDID ICE CRE",-8.65
SALE,03/29/2015,03/29/2015,"UBER TECHNOLOGIES INC",-3.24
SALE,05/22/2015,05/24/2015,"WHOLEFDS CTR 10199",-53.52
SALE,05/28/2015,05/31/2015,"NIGHTTOWN",-64.46
SALE,03/14/2015,03/15/2015,"CHOOLAAH INDIAN BB",-2.15
SALE,03/31/2015,04/01/2015,"SQ *PHOENIX COFFEE COMPAN",-8.90
SALE,04/27/2015,04/29/2015,"CINEMARK THEATRES 283",-24.50
SALE,05/27/2015,05/28/2015,"SQ *ON THE RISE ARTISAN B",-6.25
SALE,04/05/2015,04/07/2015,"CINEMARK THEATRES 283",-18.80
RETURN,04/29/2015,04/29/2015,"GROUPON INC",1198.00
SALE,04/14/2015,04/16/2015,"ANATOLIA CAFE",-25.00
SALE,03/16/2015,03/18/2015,"CLEV HTS - PARKING",-2.50
SALE,04/24/2015,04/26/2015,"TWC*TIME WRNR CABLE",-44.99
SALE,03/21/2015,03/22/2015,"ALADDINS EATERY",-34.78
SALE,06/06/2015,06/09/2015,"BE LIVE GRAND PUNTA CANA",-140.31
SALE,05/23/2015,05/24/2015,"WHOLEFDS CTR 10199",-63.91
SALE,04/30/2015,05/01/2015,"SQ *PHOENIX COFFEE COMPAN",-2.00
SALE,03/18/2015,03/19/2015,"WHOLEFDS CTR 10199",-36.85
SALE,03/29/2015,03/31/2015,"CLEVELAND PARK PLACE",-43.75
SALE,03/29/2015,03/31/2015,"STARBUCKS A DF20511739",-5.79
SALE,03/29/2015,03/31/2015,"PARADIES # 954     Q02",-3.71
SALE,06/01/2015,06/05/2015,"SKYPE.COM",-10.00
SALE,03/18/2015,03/19/2015,"USA*Priority Vending",-1.60
SALE,04/03/2015,04/05/2015,"SQ *PHOENIX COFFEE COMPAN",-5.00
SALE,04/22/2015,04/23/2015,"SQ *BROOKLYN STREET LOCAL",-10.80
SALE,05/26/2015,05/28/2015,"THE HOME DEPOT 3818",-187.21
SALE,04/04/2015,04/05/2015,"SQ *PHOENIX COFFEE COMPAN",-3.50
SALE,04/01/2015,04/03/2015,"CAO MEYER VIOLIN'S INC",-245.00
SALE,03/20/2015,03/23/2015,"EDDYS ON COVENTRY",-35.00
SALE,03/29/2015,03/30/2015,"TMS*JUGOFRESH SOUTH PO",-39.59
SALE,05/16/2015,05/18/2015,"LAF LYNDHURST",-5.00
PAYMENT,03/23/2015,03/23/2015,"Payment Thank You - Web",2000.00
SALE,03/29/2015,04/01/2015,"PARADIES BROWARD  #800",-3.17
SALE,03/17/2015,03/19/2015,"NC Soccer Shop",-9.61
SALE,03/18/2015,03/19/2015,"SQ *PHOENIX COFFEE COMPAN",-2.30
SALE,04/26/2015,04/28/2015,"THE HOME DEPOT 3818",-15.78
SALE,05/22/2015,05/24/2015,"ALADDINS EATERY",-17.80
SALE,05/01/2015,05/03/2015,"USA*Priority Vending",-2.60
SALE,04/17/2015,04/19/2015,"BLENDED HEALTH CAFE",-9.91
SALE,06/01/2015,06/02/2015,"CLEV HTS - UBILL UTILITIE",-45.82
SALE,05/17/2015,05/17/2015,"1-800-FLOWERS.COM,INC.",-90.08
SALE,03/12/2015,03/13/2015,"SQ *RESTRANT ON THE RISE",-7.00
SALE,04/21/2015,04/22/2015,"TARGET        00018044",-133.50
SALE,04/25/2015,04/26/2015,"SQ *BROOKLYN STREET LOCAL",-10.00
SALE,04/07/2015,04/09/2015,"SHELL OIL 57424234003",-6.79
SALE,03/30/2015,03/30/2015,"UBER TECHNOLOGIES INC",-3.14
SALE,05/16/2015,05/17/2015,"WHOLEFDS CTR 10199",-91.93
SALE,05/19/2015,05/20/2015,"PINSAS        51275881",-7.00
SALE,04/10/2015,04/12/2015,"THE HOME DEPOT 3818",-30.69
SALE,06/06/2015,06/07/2015,"AT&T*BILL PAYMENT",-254.32
SALE,03/26/2015,03/27/2015,"JOES STONE CRAB RESTAURAN",-4.25
SALE,03/30/2015,03/30/2015,"UBER TECHNOLOGIES INC",-3.14
SALE,04/19/2015,04/20/2015,"SQ *PHOENIX COFFEE COMPAN",-2.00
SALE,05/11/2015,05/13/2015,"SHELL OIL 57424307908",-20.11
SALE,04/26/2015,04/28/2015,"HARDEE'S 1505558",-8.24
SALE,05/03/2015,05/03/2015,"GROUPON INC",-69.00
SALE,04/19/2015,04/20/2015,"WHOLEFDS CTR 10199",-85.79
SALE,05/28/2015,05/31/2015,"SHELL OIL 57424318004",-6.07
SALE,04/26/2015,04/27/2015,"STARBUCKS #09322 DETROIT",-2.49
SALE,03/10/2015,03/11/2015,"STARBUCKS #02321 HUDSON",-4.05
SALE,04/16/2015,04/19/2015,"NORDSTROM #0227",-86.35
SALE,04/23/2015,04/24/2015,"CHIPOTLE 1762",-8.45
SALE,06/08/2015,06/09/2015,"SQ *PHOENIX COFFEE COMPAN",-7.30
SALE,04/03/2015,04/05/2015,"SHELL OIL 57424307908",-3.45
SALE,05/15/2015,05/17/2015,"WHOLEFDS CTR 10199",-75.28
SALE,05/14/2015,05/15/2015,"NETFLIX.COM",-8.63
SALE,05/12/2015,05/13/2015,"ZAGARA'S MARKETPLA",-85.80
SALE,04/18/2015,04/19/2015,"LYNDA.COM, INC.",-25.00
SALE,05/11/2015,05/13/2015,"CINEMARK THEATRES 283",-19.00
SALE,05/10/2015,05/11/2015,"SQ *PHOENIX COFFEE COMPAN",-4.30
SALE,03/15/2015,03/17/2015,"AMERICAN AI 0012349783825",-174.60
SALE,03/19/2015,03/20/2015,"DICK'S CLOTHING&SPORTING",-68.02
SALE,03/28/2015,03/30/2015,"MOSHI MOSHI - SOUTH BE",-57.96
SALE,04/20/2015,04/21/2015,"CVS/PHARMACY #03634",-30.35
SALE,04/14/2015,04/15/2015,"WHOLEFDS CTR 10199",-49.46
SALE,05/01/2015,05/03/2015,"CEDAR LEE THEATRE",-9.25
SALE,05/01/2015,05/03/2015,"SHELL OIL 57424307908",-21.59
SALE,03/25/2015,03/26/2015,"CVS/PHARMACY #05133",-39.53
SALE,03/14/2015,03/15/2015,"CHOOLAAH INDIAN BB",-21.12
SALE,05/23/2015,05/26/2015,"MAHALL'S",-8.00
SALE,03/27/2015,03/29/2015,"PURA VIDA SMOOTHIE BAR",-6.37
SALE,03/25/2015,03/27/2015,"PORTOFINO WINE BANK",-33.21
PAYMENT,04/06/2015,04/06/2015,"Payment Thank You - Web",1986.48
SALE,03/17/2015,03/18/2015,"STARBUCKS #02303 BEACHWOO",-9.40
SALE,04/14/2015,04/15/2015,"SQ *N C  EXTRA TIME",-4.00
SALE,05/09/2015,05/10/2015,"CHESTERVL DUTCH 257",-5.03
SALE,03/29/2015,03/31/2015,"THE WINE SPOT",-14.03
SALE,03/12/2015,03/15/2015,"DAVE'S SUPERMARKET",-37.27
SALE,05/18/2015,05/19/2015,"HIGH THAI D",-46.56
SALE,03/15/2015,03/17/2015,"AMERICAN AI 0010610800257",-13.96
SALE,04/10/2015,04/12/2015,"YOGA ROOTS",-120.00
SALE,05/06/2015,05/07/2015,"USA*Priority Vending",-2.60
SALE,04/25/2015,04/26/2015,"CHIPOTLE 0079",-19.17
SALE,04/04/2015,04/06/2015,"SHELL OIL 57424307908",-5.14
SALE,03/19/2015,03/20/2015,"STARBUCKS #02265 CLEVELAN",-7.70
SALE,05/26/2015,05/27/2015,"SQ *ON THE RISE ARTISAN B",-15.25
SALE,03/25/2015,03/27/2015,"STARBUCKS A   12591509",-6.84
SALE,03/28/2015,03/30/2015,"PURPLE LOTUS SOUTH BEACH",-15.78
SALE,05/25/2015,05/27/2015,"T J MAXX #875",-32.39
SALE,03/26/2015,03/29/2015,"PORTOFINO WINE BANK",-40.25
SALE,04/01/2015,04/02/2015,"GULF OIL 92038891",-1.39
SALE,04/11/2015,04/12/2015,"SQ *RESTRANT ON THE RISE",-7.50
SALE,05/11/2015,05/12/2015,"USA*Priority Vending",-2.60
SALE,03/27/2015,03/29/2015,"UBER",-2.46
SALE,04/17/2015,04/19/2015,"SQ *PHOENIX COFFEE COMPAN",-2.00
SALE,04/28/2015,04/28/2015,"GROUPON INC",-1198.00
SALE,04/26/2015,04/28/2015,"SHELL OIL 57445534605",-1.69
SALE,05/08/2015,05/10/2015,"SHELL OIL 57424318004",-2.15
SALE,05/25/2015,05/26/2015,"TAZA",-44.83
SALE,03/25/2015,03/27/2015,"T1 BAG LIME A 12600011",-10.47
SALE,04/23/2015,04/26/2015,"T J MAXX #875",-14.02
SALE,05/08/2015,05/10/2015,"PETSMART INC 2313",-56.11
SALE,03/28/2015,03/29/2015,"UBER TECHNOLOGIES INC",-3.05
SALE,04/09/2015,04/10/2015,"CVS/PHARMACY #03338",-2.69
SALE,05/23/2015,05/25/2015,"TOWN HALL",-46.96
SALE,04/21/2015,04/23/2015,"BURGER KING   11232006",-2.09
SALE,05/04/2015,05/05/2015,"STARBUCKS #02265 CLEVELAN",-19.25
SALE,03/22/2015,03/24/2015,"SHELL OIL 57424318004",-4.94
SALE,03/27/2015,03/27/2015,"DECO BIKE",-4.28
SALE,05/20/2015,05/21/2015,"USA*Priority Vending",-2.60
SALE,05/13/2015,05/14/2015,"SQ *PHOENIX COFFEE COMPAN",-3.20
SALE,03/20/2015,03/22/2015,"SQ *RESTRANT PHOENIX COFF",-4.80
SALE,04/01/2015,04/03/2015,"BEST WESTERN WEEDSPORT",-90.39
SALE,04/13/2015,04/14/2015,"PETSMART INC 2313",-75.14
SALE,03/15/2015,03/16/2015,"CVS/PHARMACY #03634",-7.91
SALE,03/20/2015,03/22/2015,"CLEVELAND ORCHESTRA",-29.00
SALE,04/01/2015,04/02/2015,"TRAVEL TRADERS 3052",-3.18
SALE,03/09/2015,03/11/2015,"RAILSAPPS",-9.00
SALE,05/23/2015,05/24/2015,"FLYING FIG",-3.50
SALE,04/28/2015,04/30/2015,"HAPPY DOG AT EUCLID TAVER",-34.18
SALE,05/11/2015,05/12/2015,"SQ *PHOENIX COFFEE COMPAN",-8.50
SALE,03/11/2015,03/13/2015,"DELIVERMEFOOD.COM",-27.84
SALE,04/28/2015,04/29/2015,"VACATION EXPRESS",-1258.00
SALE,05/21/2015,05/22/2015,"WHOLEFDS CTR 10199",-133.86
SALE,05/01/2015,05/03/2015,"CEDAR LEE THEATRE",-19.00
SALE,05/14/2015,05/15/2015,"HIGH THAI D",-39.70
SALE,03/14/2015,03/15/2015,"SQ *PHOENIX COFFEE COMPAN",-2.00
SALE,03/28/2015,03/29/2015,"PURA VIDA SMOOTHIE BAR",-25.57
SALE,04/20/2015,04/22/2015,"CAFE TANDOOR CLEVELAND HE",-66.62
SALE,04/22/2015,04/23/2015,"PETSMART INC 2313",-22.67
SALE,05/29/2015,06/01/2015,"EDDYS ON COVENTRY",-35.00
SALE,03/22/2015,03/23/2015,"PANERA BREAD #4635",-8.90
SALE,04/11/2015,04/13/2015,"RADIOSHACK COR00142158",-4.85
PAYMENT,03/30/2015,03/30/2015,"Payment Thank You - Web",6982.84
SALE,05/30/2015,06/01/2015,"SHELL OIL 57424307908",-32.55
SALE,05/17/2015,05/18/2015,"FAIRMOUNT MARTINI & WI",-8.48
SALE,05/08/2015,05/10/2015,"SHELL OIL 57424318004",-27.14
SALE,04/03/2015,04/05/2015,"BLENDED HEALTH CAFE",-11.66
SALE,03/12/2015,03/13/2015,"2159 S GREEN",-36.00
SALE,03/30/2015,03/30/2015,"UBER TECHNOLOGIES INC",-6.89
SALE,03/31/2015,04/01/2015,"MCDONALD'S F13888",-1.39
SALE,05/16/2015,05/17/2015,"CODINGFORENTREPRENEURS",-25.00
SALE,03/25/2015,03/27/2015,"STARBUCKS C   12591517",-6.95
SALE,05/04/2015,05/04/2015,"APL* ITUNES.COM/BILL",-16.19
SALE,03/16/2015,03/17/2015,"CODINGFORENTREPRENEURS",-25.00
SALE,05/01/2015,05/04/2015,"THE RIB CAGE",-18.00
SALE,05/03/2015,05/04/2015,"WHOLEFDS CTR 10199",-138.77
SALE,05/21/2015,05/22/2015,"SQ *PHOENIX COFFEE COMPAN",-4.20
SALE,04/08/2015,04/09/2015,"SQ *PHOENIX COFFEE COMPAN",-3.30
SALE,05/10/2015,05/11/2015,"WHOLEFDS CTR 10199",-103.84
SALE,04/25/2015,04/27/2015,"RUSSELL STREET DELI",-4.19
SALE,05/28/2015,05/31/2015,"SHELL OIL 57424318004",-21.48
SALE,04/20/2015,04/21/2015,"USA*Priority Vending",-2.60
SALE,04/30/2015,05/01/2015,"STARBUCKS #02265 CLEVELAN",-1.75
SALE,04/08/2015,04/08/2015,"APL* ITUNES.COM/BILL",-10.79
SALE,04/16/2015,04/17/2015,"LAURA LEE SALON INC",-190.00
SALE,05/28/2015,05/29/2015,"WHOLEFDS CTR 10199",-35.99
SALE,04/17/2015,04/19/2015,"USA*Priority Vending (OH)",-1.35
SALE,04/05/2015,04/06/2015,"SQ *RESTRANT ON THE RISE",-18.00
SALE,05/11/2015,05/13/2015,"SHELL OIL 57424307908",-2.98
SALE,04/24/2015,04/27/2015,"EDDYS ON COVENTRY",-35.00
SALE,03/20/2015,03/22/2015,"INTERNATIONAL VIOLIN",-42.20
SALE,05/16/2015,05/18/2015,"SHELL OIL 57424307908",-23.06
SALE,04/01/2015,04/03/2015,"LIFE ALIVE CAMBRIDGE",-24.45
SALE,03/17/2015,03/18/2015,"STARBUCKS #02321 HUDSON",-4.90
SALE,05/13/2015,05/14/2015,"USA*Priority Vending",-2.60
SALE,05/30/2015,06/01/2015,"ATHLETA 4906",-69.12
SALE,05/25/2015,05/26/2015,"PETSMART INC 2313",-65.01
SALE,05/30/2015,05/31/2015,"H&M #099",-33.37
SALE,05/30/2015,05/31/2015,"WHOLEFDS CTR 10199",-125.22
SALE,03/27/2015,03/27/2015,"UBER TECHNOLOGIES INC",-3.04
SALE,03/07/2015,03/09/2015,"TMS*JUGOFRESH SOUTH PO",-19.26
SALE,03/31/2015,04/02/2015,"SHELL OIL 57444372205",-23.51
SALE,03/26/2015,03/27/2015,"PURA VIDA SMOOTHIE BAR",-29.75
SALE,03/12/2015,03/13/2015,"SQ *PHOENIX COFFEE COMPAN",-2.00
SALE,03/25/2015,03/26/2015,"HUDSON NEWS CLEVELAND",-10.37
SALE,05/09/2015,05/11/2015,"RESIDENCE INNS COLMBS D/T",-136.10
SALE,03/13/2015,03/15/2015,"SPEEDWAY 03345 607",-13.32
SALE,04/26/2015,04/28/2015,"DAVE'S SUPERMARKET",-12.65
SALE,04/05/2015,04/06/2015,"TAZA",-50.01
SALE,03/26/2015,03/29/2015,"Yardbird Southern Table &",-117.49
SALE,03/29/2015,03/30/2015,"Khong River House",-136.44
SALE,05/15/2015,05/17/2015,"SQ *PHOENIX COFFEE COMPAN",-2.20
SALE,04/29/2015,05/01/2015,"HIGH THAI D",-44.45
SALE,04/01/2015,04/02/2015,"GULF OIL 92038891",-29.43
SALE,03/30/2015,03/31/2015,"PETSMART INC 2313",-77.42
SALE,05/01/2015,05/03/2015,"DAVE'S SUPERMARKET",-3.99
SALE,04/27/2015,04/29/2015,"CINEMARK THEATRES 283",-19.40
SALE,03/11/2015,03/12/2015,"SQ *PHOENIX COFFEE COMPAN",-4.50
SALE,05/22/2015,05/24/2015,"USA*Priority Vending",-2.60
SALE,03/11/2015,03/12/2015,"CVS/PHARMACY #03634",-10.79
SALE,04/02/2015,04/05/2015,"STONE OVEN BAKERY",-13.00
SALE,05/30/2015,05/31/2015,"CVS/PHARMACY #03634",-50.83
SALE,05/07/2015,05/10/2015,"PICCADILLY ARTISAN YOGUR",-2.17
SALE,03/30/2015,03/31/2015,"WHOLEFDS CTR 10199",-111.07
SALE,03/31/2015,04/02/2015,"7-ELEVEN 36229",-12.06
SALE,04/17/2015,04/19/2015,"CVS/PHARMACY #03634",-36.48
SALE,06/07/2015,06/08/2015,"SHEETZ        00002964",-8.03
SALE,03/27/2015,03/29/2015,"MARRIOTT 337U4 SOUTH BCH",-8.56
SALE,04/08/2015,04/10/2015,"SHELL OIL 57424307908",-4.12
SALE,05/12/2015,05/13/2015,"ZAGARA'S MARKETPLA",-69.95
SALE,03/21/2015,03/22/2015,"TRAVEL INSURANCE POLICY",-8.00
SALE,05/12/2015,05/13/2015,"CHIPOTLE 0079",-21.12
SALE,03/10/2015,03/11/2015,"CVS/PHARMACY #04359",-5.08
RETURN,05/30/2015,05/31/2015,"MACY'S EAST #578",30.24
SALE,04/02/2015,04/03/2015,"USA*Priority Vending",-1.60
SALE,03/28/2015,03/30/2015,"DECO BIKE",-4.28
SALE,03/09/2015,03/10/2015,"AIRPAIR INC.",-70.00
SALE,05/10/2015,05/10/2015,"1-800-FLOWERS.COM,INC.",-72.39
SALE,04/29/2015,04/30/2015,"UDEMY.COM",-24.00
PAYMENT,05/04/2015,05/04/2015,"Payment Thank You - Web",1500.00
SALE,05/30/2015,06/01/2015,"VICTORIA'S SECRET 0073",-29.16
SALE,05/16/2015,05/17/2015,"CHIPOTLE 0079",-10.37
SALE,05/21/2015,05/22/2015,"STARBUCKS #02265 CLEVELAN",-8.45
SALE,04/01/2015,04/02/2015,"CLEV HTS - UBILL UTILITIE",-37.72
SALE,04/24/2015,04/26/2015,"WHOLEFDS MDT #10465",-31.49
SALE,05/27/2015,05/28/2015,"LAURA LEE SALON INC",-220.36
SALE,05/04/2015,05/06/2015,"CEDAR LEE THEATRE",-12.00
SALE,03/09/2015,03/10/2015,"SQ *RESTRANT PHOENIX COFF",-2.30
PAYMENT,05/16/2015,05/17/2015,"Payment Thank You - Web",3169.91
SALE,04/14/2015,04/15/2015,"SQ *RESTRANT ON THE RISE",-13.00
SALE,05/05/2015,05/06/2015,"STARBUCKS #02303 BEACHWOO",-2.10
SALE,04/10/2015,04/12/2015,"CVS/PHARMACY #07687",-2.78
SALE,04/21/2015,04/22/2015,"WHOLEFDS MDT #10465",-87.19
SALE,04/02/2015,04/03/2015,"CVS/PHARMACY #03634",-15.07
SALE,05/20/2015,05/22/2015,"AMAZING WOK II",-6.75
SALE,03/12/2015,03/12/2015,"CVS/PHARMACY #03634",-10.78
SALE,04/10/2015,04/12/2015,"TOMMY'S RESTAURANT",-31.66
SALE,06/07/2015,06/09/2015,"NC Soccer Shop",-14.95
SALE,04/24/2015,04/27/2015,"ANATOLIA CAFE",-17.00
SALE,04/28/2015,04/29/2015,"PINSAS        51275881",-7.00
SALE,03/30/2015,03/30/2015,"UBER TECHNOLOGIES INC",-3.12
SALE,03/29/2015,03/30/2015,"UBER",-62.32
SALE,05/06/2015,05/08/2015,"LUBE STOP - 12",-43.19
SALE,03/13/2015,03/15/2015,"WHOLEFDS CHG 10309",-29.16
SALE,04/08/2015,04/10/2015,"SHELL OIL 57424307908",-29.10
SALE,04/18/2015,04/19/2015,"SQ *PHOENIX COFFEE COMPAN",-2.00
SALE,04/17/2015,04/19/2015,"LOPEZ",-93.76
SALE,04/01/2015,04/03/2015,"LIFE ALIVE CAMBRIDGE",-20.15
SALE,04/13/2015,04/15/2015,"MICRO CENTER MAYFIELD HTS",-19.74
SALE,04/25/2015,04/26/2015,"USA*Priority Vending",-2.60
SALE,03/16/2015,03/17/2015,"TRADER JOE'S #676  QPS",-54.36
SALE,04/11/2015,04/12/2015,"CVS/PHARMACY #03338",-1.99
SALE,04/18/2015,04/19/2015,"CHIPOTLE 0079",-16.89
SALE,05/17/2015,05/18/2015,"FAIRMOUNT MARTINI & WI",-42.10
SALE,04/01/2015,04/02/2015,"JOHNSON STRING INSTRUMENT",-268.74
SALE,03/16/2015,03/18/2015,"CEDAR LEE THEATRE",-7.00
SALE,06/02/2015,06/04/2015,"GPC RESTAURANTE LA YOLA",-139.35
SALE,04/29/2015,05/01/2015,"SHELL OIL 57424307908",-24.82
SALE,05/30/2015,05/31/2015,"PETSMART INC 2313",-68.67
SALE,03/09/2015,03/10/2015,"WHOLEFDS CTR 10199",-216.91
SALE,05/26/2015,05/27/2015,"STARBUCKS #02265 CLEVELAN",-8.40
SALE,04/19/2015,04/21/2015,"MAYFIELD",-28.08
SALE,04/14/2015,04/15/2015,"NETFLIX.COM",-8.63
SALE,03/19/2015,03/22/2015,"STONE OVEN BAKERY",-4.50
SALE,04/27/2015,04/28/2015,"TAZA",-42.83
SALE,03/16/2015,03/17/2015,"LULULEMON ETON CHAGRIN",-5.39
SALE,03/08/2015,03/09/2015,"UBER",-31.16
SALE,03/16/2015,03/18/2015,"LOPEZ",-65.81
SALE,03/12/2015,03/13/2015,"AIRPAIR INC.",-70.00
SALE,05/09/2015,05/11/2015,"STONE OVEN BAKERY",-16.50
SALE,03/30/2015,03/30/2015,"UBER TECHNOLOGIES INC",-3.80
SALE,03/15/2015,03/16/2015,"APPLETREE BOOKS",-36.67
SALE,03/17/2015,03/19/2015,"NIGHTTOWN",-75.62
SALE,05/14/2015,05/17/2015,"STONE OVEN BAKERY",-18.25
SALE,03/09/2015,03/09/2015,"UBER TECHNOLOGIES INC",-13.98
SALE,04/08/2015,04/09/2015,"WHOLEFDS CTR 10199",-92.62
SALE,03/07/2015,03/09/2015,"SMITH   WOLLEN00001016",-40.34
SALE,04/02/2015,04/05/2015,"KWIK FILL 228",-6.40
SALE,05/28/2015,05/31/2015,"AIR CANADA  0147623374274",-796.38
SALE,04/27/2015,04/28/2015,"HILTON GARDEN INN DETROIT",-34.00
SALE,03/07/2015,03/09/2015,"MARRIOTT 337U4 SOUTH BCH",-6.00
SALE,03/24/2015,03/25/2015,"TWC*TIME WRNR CABLE",-44.99
SALE,05/22/2015,05/24/2015,"PETSMART INC 2313",-26.34
SALE,05/28/2015,05/29/2015,"CLEVELAND ORCHESTRA",-71.00
SALE,05/31/2015,06/02/2015,"BE LIVE GRAND PUNTA CANA",-630.08
SALE,03/25/2015,03/26/2015,"CVS/PHARMACY #05133",-7.58
SALE,06/01/2015,06/04/2015,"CARIBBEAN'S CIGARS OASIS",-15.00
SALE,04/06/2015,04/07/2015,"WHOLEFDS CTR 10199",-56.83
SALE,04/21/2015,04/23/2015,"MIDDLE RIDGE S11231503",-6.68
SALE,05/04/2015,05/06/2015,"CEDAR LEE THEATRE",-7.00
SALE,03/29/2015,03/31/2015,"ANATOLIA CAFE",-43.00
SALE,04/22/2015,04/23/2015,"USA*Priority Vending",-2.60
SALE,03/15/2015,03/16/2015,"STARBUCKS #02265 CLEVELAN",-4.95
SALE,03/17/2015,03/18/2015,"SQ *PHOENIX COFFEE COMPAN",-2.30
SALE,03/14/2015,03/15/2015,"JJB*JIBJAB.COM",-18.00
SALE,05/19/2015,05/20/2015,"OAK TREE VETERINARY HOSP",-1214.38
SALE,03/08/2015,03/09/2015,"TMS*JUGOFRESH SOUTH PO",-25.15
SALE,05/27/2015,05/29/2015,"STONE OVEN BAKERY",-18.80
SALE,05/25/2015,05/26/2015,"TARGET        00018044",-29.07
SALE,05/16/2015,05/17/2015,"SQ *PHOENIX COFFEE COMPAN",-3.80
SALE,05/17/2015,05/18/2015,"MCDONALD'S F31878",-5.26
SALE,05/19/2015,05/21/2015,"SHELL OIL 57424215200",-32.00
SALE,05/21/2015,05/24/2015,"T J MAXX #875",-8.62
PAYMENT,04/22/2015,04/22/2015,"Payment Thank You - Web",2537.39
SALE,05/21/2015,05/22/2015,"CVS/PHARMACY #03634",-25.80
SALE,03/31/2015,04/02/2015,"INDIAN CASTLE 12431508",-5.30
SALE,04/23/2015,04/24/2015,"USA*Priority Vending",-2.60
SALE,04/05/2015,04/07/2015,"BLENDED HEALTH CAFE",-9.91
SALE,05/09/2015,05/11/2015,"FTD*STOP AND SHOP SB",-83.97
SALE,05/01/2015,05/03/2015,"CEDAR LEE THEATRE",-16.75
SALE,04/09/2015,04/12/2015,"RAILSAPPS",-9.00
SALE,03/10/2015,03/11/2015,"NATIONWIDE/ALLIED INS",-566.22
SALE,03/09/2015,03/11/2015,"TOMMY'S RESTAURANT",-34.34
SALE,03/22/2015,03/23/2015,"PANERA BREAD #4635",-10.43
SALE,03/15/2015,03/16/2015,"MARATHON PETRO073601",-3.59
SALE,05/24/2015,05/25/2015,"WHOLEFDS CTR 10199",-48.96
SALE,04/16/2015,04/19/2015,"SHELL OIL 57424307908",-20.12
SALE,03/27/2015,03/27/2015,"UBER TECHNOLOGIES INC",-3.61
SALE,05/08/2015,05/10/2015,"SQ *39 BELOW FOODMKT",-4.86
SALE,05/01/2015,05/03/2015,"TARGET        00018044",-3.12
SALE,06/07/2015,06/08/2015,"HIGH THAI D",-55.68
SALE,04/29/2015,05/01/2015,"PICCADILLY ARTISAN YOGUR",-2.50
SALE,04/25/2015,04/26/2015,"SQ *TWO STIX 5 STONES RET",-26.50
SALE,03/16/2015,03/18/2015,"CEDAR LEE THEATRE",-12.00
SALE,03/19/2015,03/22/2015,"SHELL OIL 57424307908",-7.03
SALE,03/30/2015,04/01/2015,"LUNA",-15.12
SALE,05/28/2015,05/31/2015,"AIR CANADA  0147623374272",-796.38
SALE,03/15/2015,03/17/2015,"UNITED      0162928568205",-75.00
SALE,03/28/2015,03/29/2015,"UBER TECHNOLOGIES INC",-7.13
SALE,03/31/2015,04/02/2015,"EXXONMOBIL    97376107",-27.97
SALE,05/15/2015,05/17/2015,"USA*Priority Vending",-2.60
SALE,03/16/2015,03/18/2015,"LUNA",-18.36
SALE,03/18/2015,03/19/2015,"COOL BEANZ    52275898",-5.85
SALE,05/12/2015,05/13/2015,"SAM ASH MUSIC #35",-19.64
SALE,05/29/2015,05/31/2015,"CHINA GATE RESTAURANT L",-19.25
SALE,05/24/2015,05/25/2015,"TWC*TIME WRNR CABLE",-64.99
SALE,05/18/2015,05/19/2015,"WHOLEFDS CTR 10199",-4.99
SALE,04/02/2015,04/05/2015,"DUNKIN #351370     Q35",-6.22
SALE,04/12/2015,04/14/2015,"PEPPERMINT THAI CUISINE",-51.37
SALE,04/09/2015,04/10/2015,"SQ *PHOENIX COFFEE COMPAN",-2.30
SALE,04/13/2015,04/14/2015,"CVS/PHARMACY #03634",-22.66
SALE,05/11/2015,05/13/2015,"CINEMARK THEATRES 283",-13.90
SALE,04/21/2015,04/22/2015,"USA*Priority Vending",-2.60
SALE,05/19/2015,05/20/2015,"PETSMART INC 2313",-33.24
SALE,05/01/2015,05/03/2015,"NAMASTE INDIA GARDEN",-50.85
SALE,05/30/2015,05/31/2015,"CVS/PHARMACY #03634",-43.46
SALE,06/07/2015,06/08/2015,"WHOLEFDS CTR 10199",-143.27
SALE,03/27/2015,03/30/2015,"PORTOFINO WINE BANK",-10.53
SALE,05/09/2015,05/10/2015,"EXPLORERS CLUB",-92.24
SALE,04/30/2015,05/01/2015,"WHOLEFDS CTR 10199",-68.03
SALE,03/21/2015,03/23/2015,"I-X CENTER CORPORATION",-10.00
SALE,04/26/2015,04/28/2015,"SHELL OIL 12406089008",-29.56
SALE,03/08/2015,03/09/2015,"UBER TECHNOLOGIES INC",-13.79
SALE,05/27/2015,05/28/2015,"LAURA LEE SALON INC",-30.24
SALE,04/26/2015,04/27/2015,"WHOLEFDS MDT #10465",-17.85
SALE,03/17/2015,03/19/2015,"SHELL OIL 57424307908",-20.07
SALE,05/05/2015,05/06/2015,"CVS/PHARMACY #04359",-6.03
SALE,03/18/2015,03/19/2015,"PETSMART INC 2313",-28.24
SALE,04/22/2015,04/23/2015,"CHIPOTLE 1216",-9.72
SALE,05/17/2015,05/18/2015,"SQ *PHOENIX COFFEE COMPAN",-8.85
SALE,04/22/2015,04/24/2015,"STONE OVEN BAKERY",-4.50
SALE,05/06/2015,05/07/2015,"AT&T*BILL PAYMENT",-286.21
SALE,04/20/2015,04/21/2015,"CVS/PHARMACY #03634",-60.56
SALE,04/04/2015,04/05/2015,"LIQUID PLANET",-6.70
SALE,04/06/2015,04/08/2015,"BLENDED HEALTH CAFE",-9.91
SALE,04/02/2015,04/05/2015,"KWIK FILL 228",-30.04
SALE,04/15/2015,04/16/2015,"SQ *PHOENIX COFFEE COMPAN",-3.30
SALE,05/28/2015,05/29/2015,"MACY'S EAST #578",-167.38
SALE,03/16/2015,03/18/2015,"SHELL OIL 57424318004",-17.88
SALE,05/23/2015,05/25/2015,"MITCHELLS ICE CREAM",-6.00
SALE,03/08/2015,03/09/2015,"UBER",-10.79
SALE,03/28/2015,03/29/2015,"UBER TECHNOLOGIES INC",-3.05
SALE,04/16/2015,04/17/2015,"CHIPOTLE 0079",-8.96
SALE,04/21/2015,04/22/2015,"SQ *PHOENIX COFFEE COMPAN",-3.80
